site,content_count,rating_mean,text_len_mean,text_len_median,token_count_mean,emoji_count_mean
kakao,407,4.778869778869779,38.31203931203931,26.0,6.004914004914005,0.25307125307125306
tripadvisor,1500,4.538,129.09466666666665,98.0,19.403333333333332,0.004666666666666667
tripdotcom,1272,4.5998427672955975,100.12421383647799,71.0,15.699685534591195,0.23349056603773585
